Unnamed: 0.1,Unnamed: 0,rank_order,rank,name,scores_overall,scores_overall_rank,scores_teaching,scores_teaching_rank,scores_research,scores_research_rank,scores_citations,scores_citations_rank,scores_industry_income,scores_industry_income_rank,scores_international_outlook,scores_international_outlook_rank,location,stats_number_students,stats_student_staff_ratio,stats_pc_intl_students,stats_female_male_ratio,aliases,subjects_offered,closed,unaccredited,year
0,0,10,1,University of Oxford,95.7,10,91.0,5,99.6,1,98.0,40,74.4,161,96.3,26,United Kingdom,"20,835",10.7,42%,47 : 53,University of Oxford,"Accounting & Finance,General Engineering,Communication & Media Studies,Biological Sciences,Art, Performing Arts & Design,Other Health,Mathematics & Statistics,Education,Civil Engineering,Medicine & Dentistry,Politics & International Studies (incl Development Studies),Languages, Literature & Linguistics,Electrical & Electronic Engineering,Physics & Astronomy,Economics & Econometrics,Law,Sociology,Business & Management,Mechanical & Aerospace Engineering,Geography,History, Philosophy & Theology,Computer Science,Chemistry,Chemical Engineering,Psychology,Archaeology,Geology, Environmental, Earth & Marine Sciences",False,False,2022
1,1,20,=2,California Institute of Technology,95.0,20,93.6,2,96.9,4,97.8,44,90.4,78,83.8,167,United States,"2,233",6.3,34%,36 : 64,California Institute of Technology caltech,"Languages, Literature & Linguistics,Economics & Econometrics,Civil Engineering,Mathematics & Statistics,General Engineering,Electrical & Electronic Engineering,Geology, Environmental, Earth & Marine Sciences,Computer Science,Politics & International Studies (incl Development Studies),Physics & Astronomy,Chemical Engineering,Business & Management,Biological Sciences,History, Philosophy & Theology,Chemistry,Mechanical & Aerospace Engineering",False,False,2022
2,2,30,=2,Harvard University,95.0,30,94.5,1,98.9,3,99.2,19,48.9,418,79.8,209,United States,"21,574",9.5,24%,50 : 50,Harvard University,"Mathematics & Statistics,Civil Engineering,Languages, Literature & Linguistics,Art, Performing Arts & Design,Business & Management,General Engineering,Geography,Archaeology,Geology, Environmental, Earth & Marine Sciences,Computer Science,Chemistry,Sociology,Mechanical & Aerospace Engineering,Accounting & Finance,Other Health,Electrical & Electronic Engineering,Politics & International Studies (incl Development Studies),Agriculture & Forestry,Psychology,Economics & Econometrics,Communication & Media Studies,Biological Sciences,Architecture,Medicine & Dentistry,Law,Physics & Astronomy,Education,History, Philosophy & Theology",False,False,2022
3,3,40,4,Stanford University,94.9,40,92.3,3,96.8,5,99.9,13,91.0,74,79.7,211,United States,"16,319",7.3,23%,46 : 54,Stanford University,"Physics & Astronomy,Computer Science,Politics & International Studies (incl Development Studies),Art, Performing Arts & Design,Geology, Environmental, Earth & Marine Sciences,Agriculture & Forestry,Medicine & Dentistry,Education,Communication & Media Studies,Chemistry,Mechanical & Aerospace Engineering,Languages, Literature & Linguistics,History, Philosophy & Theology,Psychology,Mathematics & Statistics,Biological Sciences,Sociology,Law,Accounting & Finance,Business & Management,Archaeology,General Engineering,Civil Engineering,Chemical Engineering,Other Health,Economics & Econometrics,Electrical & Electronic Engineering,Veterinary Science",False,False,2022
4,4,50,=5,University of Cambridge,94.6,50,90.9,6,99.5,2,96.2,65,56.7,300,95.8,32,United Kingdom,"19,680",11.1,39%,47 : 53,University of Cambridge,"Business & Management,General Engineering,Art, Performing Arts & Design,Chemical Engineering,Archaeology,Education,Chemistry,Architecture,Other Health,Veterinary Science,Sociology,Medicine & Dentistry,Mechanical & Aerospace Engineering,Psychology,Languages, Literature & Linguistics,Electrical & Electronic Engineering,Geography,Accounting & Finance,Biological Sciences,Computer Science,Politics & International Studies (incl Development Studies),Economics & Econometrics,Law,Geology, Environmental, Earth & Marine Sciences,History, Philosophy & Theology,Civil Engineering,Physics & Astronomy,Mathematics & Statistics",False,False,2022
5,5,60,=5,Massachusetts Institute of Technology,94.6,60,90.9,7,94.4,10,99.7,16,93.7,61,89.9,106,United States,"11,459",8.4,33%,40 : 60,Massachusetts Institute of Technology,"Mathematics & Statistics,Languages, Literature & Linguistics,Physics & Astronomy,History, Philosophy & Theology,Other Health,General Engineering,Biological Sciences,Computer Science,Architecture,Geology, Environmental, Earth & Marine Sciences,Psychology,Mechanical & Aerospace Engineering,Art, Performing Arts & Design,Chemistry,Chemical Engineering,Business & Management,Accounting & Finance,Electrical & Electronic Engineering,Communication & Media Studies,Archaeology,Civil Engineering,Economics & Econometrics,Politics & International Studies (incl Development Studies)",False,False,2022
6,6,70,7,Princeton University,93.6,70,89.5,9,96.0,7,99.0,27,88.8,84,80.7,197,United States,"7,753",7.5,23%,47 : 53,Princeton University,"Languages, Literature & Linguistics,Biological Sciences,Other Health,Psychology,Sociology,Mechanical & Aerospace Engineering,Computer Science,Politics & International Studies (incl Development Studies),Economics & Econometrics,Chemistry,Chemical Engineering,Mathematics & Statistics,History, Philosophy & Theology,Civil Engineering,Physics & Astronomy,Architecture,Agriculture & Forestry,General Engineering,Art, Performing Arts & Design,Electrical & Electronic Engineering,Geology, Environmental, Earth & Marine Sciences",False,False,2022
7,7,80,8,University of California,92.2,80,85.7,14,96.0,6,99.1,21,84.7,104,77.6,234,United States,"40,306",18.9,23%,51 : 49,"University of California, Berkeley","Communication & Media Studies,Education,Civil Engineering,Languages, Literature & Linguistics,Mathematics & Statistics,History, Philosophy & Theology,Agriculture & Forestry,Psychology,Economics & Econometrics,Mechanical & Aerospace Engineering,Geography,Chemical Engineering,Business & Management,Archaeology,Law,Physics & Astronomy,Politics & International Studies (incl Development Studies),Architecture,Biological Sciences,Sociology,Geology, Environmental, Earth & Marine Sciences,Computer Science,Electrical & Electronic Engineering,Art, Performing Arts & Design,Chemistry,General Engineering,Other Health",False,False,2022
8,8,90,9,Yale University,90.8,90,90.7,8,93.0,12,97.0,55,56.2,306,69.9,323,United States,"13,317",5.9,21%,51 : 49,Yale University,"Economics & Econometrics,Medicine & Dentistry,Mathematics & Statistics,Politics & International Studies (incl Development Studies),Other Health,Accounting & Finance,Architecture,Law,Art, Performing Arts & Design,Mechanical & Aerospace Engineering,Agriculture & Forestry,History, Philosophy & Theology,General Engineering,Electrical & Electronic Engineering,Chemistry,Physics & Astronomy,Archaeology,Biological Sciences,Computer Science,Psychology,Business & Management,Chemical Engineering,Languages, Literature & Linguistics,Geology, Environmental, Earth & Marine Sciences,Sociology",False,False,2022
9,9,100,10,The University of Chicago,89.8,100,87.2,12,90.6,15,98.3,36,56.3,304,74.4,261,United States,"14,895",6.1,33%,46 : 54,The University of Chicago,"Business & Management,Physics & Astronomy,Economics & Econometrics,Psychology,Accounting & Finance,Law,Politics & International Studies (incl Development Studies),Chemical Engineering,Sociology,Archaeology,Computer Science,Art, Performing Arts & Design,Geography,Biological Sciences,Languages, Literature & Linguistics,Geology, Environmental, Earth & Marine Sciences,History, Philosophy & Theology,Mathematics & Statistics,Medicine & Dentistry,Chemistry",False,False,2022
10,10,110,11,Columbia University,89.6,110,87.8,11,89.6,19,97.3,50,48.0,440,79.8,208,United States,"21,608",4.6,35%,,Columbia University,"Politics & International Studies (incl Development Studies),Economics & Econometrics,Communication & Media Studies,Civil Engineering,Geology, Environmental, Earth & Marine Sciences,Art, Performing Arts & Design,Mathematics & Statistics,Accounting & Finance,Agriculture & Forestry,Sport Science,Architecture,General Engineering,Chemical Engineering,Psychology,Law,Languages, Literature & Linguistics,Electrical & Electronic Engineering,History, Philosophy & Theology,Sociology,Computer Science,Chemistry,Archaeology,Other Health,Mechanical & Aerospace Engineering,Medicine & Dentistry,Biological Sciences,Physics & Astronomy,Business & Management",False,False,2022
11,11,120,12,Imperial College London,89.3,120,81.4,17,88.3,22,97.6,46,70.8,187,97.5,15,United Kingdom,"17,715",11.2,59%,40 : 60,Imperial College London,"Mechanical & Aerospace Engineering,General Engineering,Mathematics & Statistics,Medicine & Dentistry,Chemical Engineering,Physics & Astronomy,Geology, Environmental, Earth & Marine Sciences,Computer Science,Chemistry,Civil Engineering,Other Health,Electrical & Electronic Engineering,Biological Sciences",False,False,2022
12,12,130,=13,Johns Hopkins University,88.4,130,80.0,20,90.8,14,97.2,52,93.7,60,74.6,260,United States,"16,552",4.3,28%,52 : 48,Johns Hopkins University,"Sociology,General Engineering,Politics & International Studies (incl Development Studies),Electrical & Electronic Engineering,Accounting & Finance,Archaeology,Psychology,Biological Sciences,Art, Performing Arts & Design,Business & Management,Civil Engineering,Geology, Environmental, Earth & Marine Sciences,Medicine & Dentistry,Economics & Econometrics,Chemical Engineering,Education,Languages, Literature & Linguistics,Chemistry,Other Health,Physics & Astronomy,Computer Science,Mathematics & Statistics,Mechanical & Aerospace Engineering,History, Philosophy & Theology",False,False,2022
13,13,140,=13,University of Pennsylvania,88.4,140,84.5,15,89.2,20,97.1,53,77.6,138,69.7,326,United States,"21,211",6.4,22%,53 : 47,University of Pennsylvania,"Economics & Econometrics,Archaeology,Medicine & Dentistry,Geography,Accounting & Finance,Geology, Environmental, Earth & Marine Sciences,Law,Veterinary Science,Sociology,Biological Sciences,Psychology,Civil Engineering,Computer Science,Sport Science,Languages, Literature & Linguistics,Mathematics & Statistics,Communication & Media Studies,Agriculture & Forestry,Other Health,Business & Management,Mechanical & Aerospace Engineering,Politics & International Studies (incl Development Studies),Chemistry,Electrical & Electronic Engineering,Art, Performing Arts & Design,Chemical Engineering,Education,Architecture,Physics & Astronomy,General Engineering,History, Philosophy & Theology",False,False,2022
14,14,150,15,ETH Zurich,88.2,150,81.3,18,92.4,13,90.7,128,62.5,243,97.9,13,Switzerland,"20,428",14.4,41%,32 : 68,ETH Zurich,"Mathematics & Statistics,Mechanical & Aerospace Engineering,Accounting & Finance,Chemical Engineering,Economics & Econometrics,Politics & International Studies (incl Development Studies),General Engineering,Business & Management,Electrical & Electronic Engineering,Physics & Astronomy,Civil Engineering,Agriculture & Forestry,Medicine & Dentistry,Other Health,Sport Science,Geology, Environmental, Earth & Marine Sciences,Computer Science,Biological Sciences,Architecture,Education,Chemistry",False,False,2022
15,15,160,=16,Peking University,87.5,160,91.4,4,94.6,9,81.7,258,93.1,63,65.1,381,China,"31,606",10.2,19%,46 : 54,Peking University,"Other Health,Physics & Astronomy,Business & Management,Psychology,Education,Biological Sciences,Medicine & Dentistry,Communication & Media Studies,Art, Performing Arts & Design,General Engineering,Chemistry,Languages, Literature & Linguistics,Mathematics & Statistics,Computer Science,Sociology,Archaeology,Accounting & Finance,Law,Geography,Economics & Econometrics,Mechanical & Aerospace Engineering,Politics & International Studies (incl Development Studies),History, Philosophy & Theology,Electrical & Electronic Engineering,Geology, Environmental, Earth & Marine Sciences",False,False,2022
16,16,170,=16,Tsinghua University,87.5,170,88.1,10,95.7,8,86.8,192,100.0,11,50.6,622,China,"38,221",11.5,13%,34 : 66,Tsinghua University Qinghua University Tsing hua University Qing hua University,"Economics & Econometrics,Languages, Literature & Linguistics,Art, Performing Arts & Design,Geography,Education,Other Health,Communication & Media Studies,Sociology,Accounting & Finance,Architecture,Chemistry,Chemical Engineering,History, Philosophy & Theology,Physics & Astronomy,Mechanical & Aerospace Engineering,General Engineering,Business & Management,Medicine & Dentistry,Civil Engineering,Psychology,Electrical & Electronic Engineering,Mathematics & Statistics,Geology, Environmental, Earth & Marine Sciences,Sport Science,Computer Science,Archaeology,Politics & International Studies (incl Development Studies),Law,Biological Sciences",False,False,2022
17,17,180,=18,University of Toronto,87.2,180,77.6,25,93.0,11,92.6,112,61.2,256,89.1,117,Canada,"75,821",25.5,25%,57 : 43,University of Toronto,"Politics & International Studies (incl Development Studies),Law,Education,Biological Sciences,Electrical & Electronic Engineering,Business & Management,Languages, Literature & Linguistics,General Engineering,Mathematics & Statistics,Accounting & Finance,Civil Engineering,Psychology,History, Philosophy & Theology,Mechanical & Aerospace Engineering,Geography,Economics & Econometrics,Chemistry,Communication & Media Studies,Archaeology,Medicine & Dentistry,Agriculture & Forestry,Geology, Environmental, Earth & Marine Sciences,Computer Science,Chemical Engineering,Sport Science,Sociology,Art, Performing Arts & Design,Physics & Astronomy,Other Health,Architecture",False,False,2022
18,18,190,=18,UCL,87.2,190,76.8,26,88.9,21,96.9,58,44.7,535,96.7,22,United Kingdom,"35,760",10.6,57%,58 : 42,UCL ucl UCL,"Archaeology,Chemical Engineering,Geology, Environmental, Earth & Marine Sciences,History, Philosophy & Theology,Civil Engineering,Physics & Astronomy,Education,Psychology,Computer Science,Mathematics & Statistics,Architecture,Chemistry,Medicine & Dentistry,General Engineering,Economics & Econometrics,Law,Geography,Business & Management,Mechanical & Aerospace Engineering,Politics & International Studies (incl Development Studies),Art, Performing Arts & Design,Languages, Literature & Linguistics,Biological Sciences,Communication & Media Studies,Other Health,Electrical & Electronic Engineering,Sociology",False,False,2022
19,19,200,20,"University of California, Los Angeles",86.7,200,82.1,16,89.8,18,96.0,66,56.5,301,65.1,380,United States,"42,054",10.0,17%,55 : 45,"University of California, Los Angeles","Chemical Engineering,Psychology,Biological Sciences,Mechanical & Aerospace Engineering,Medicine & Dentistry,General Engineering,Communication & Media Studies,Agriculture & Forestry,Business & Management,Politics & International Studies (incl Development Studies),Accounting & Finance,Art, Performing Arts & Design,History, Philosophy & Theology,Computer Science,Chemistry,Sociology,Languages, Literature & Linguistics,Sport Science,Other Health,Civil Engineering,Geology, Environmental, Earth & Marine Sciences,Archaeology,Mathematics & Statistics,Education,Economics & Econometrics,Geography,Architecture,Physics & Astronomy,Electrical & Electronic Engineering,Law,Veterinary Science",False,False,2022
